ID,TITLE,LOCATION,SALARY,SUMMARY
https://kr.indeed.com/viewjob?jk=60495f8f583de7aa,2021년 각 부문별 경력직 공개,SK디앤디㈜ 성남 분당구,,"Collection, Data Pipeline, Data Warehouse 구축 경험 3년 이상 ㆍ우대 사항 - Python / Java(Scala) 등을 이용하여 데이터 처리 개발 가능 - 대용량 데이터 분석 및 빅데이터..."
https://kr.indeed.com/viewjob?jk=55584c627df1acaa,데이터 분석가/사이언티스트(신입/인턴 가능),쏘카 대한민국,,"Sheet) 등 데이터 분석 도구를 원활히 다루시거나, 앞으로 원활히 다루고자 하는 의지가 높으신 분 • Python, R 등의 프로그래밍 언어 혹은 데이터 분석 언어를 1개 이상 능숙하게 사용 가능하신 분 전형절차 서류..."
https://kr.indeed.com/viewjob?jk=e8a4630bec0783e8,2021 Market Data Analyst - Seoul,Bloomberg 서울,,"work experience using one more programming language... Python, SQL and R Fluency in Korean and English (both spoken..."
https://kr.indeed.com/viewjob?jk=dfb20fa220f3c478,"빅데이터, 인공지능(AI) 외 신입/경력 인턴",스칼라웍스 대한민국,,인공지능)>인공지능(AI)|인터넷·IT·통신·모바일·게임>빅데이터·AI(인공지능)>데이터분석|인터넷·IT·통신·모바일·게임>빅데이터·AI(인공지능)> Python|인터넷·IT·통신·모바일·게임>빅데이터·AI(인공지능)>딥러닝
https://kr.indeed.com/viewjob?jk=0d207415a075d21c,Data Scientist (KOREA),No Deviation Pte Ltd 충청북도 청주,,"data visualization - Experience using tools... SAS JMP, Python, Matlab, KNIME, and SIMCA - Experience with developing..."
https://kr.indeed.com/viewjob?jk=39e99c8ed1d40a8f,2021 토스 전 계열사 대규모,비바리퍼블리카 서울 강남구,,게임>빅데이터·AI(인공지능)> Python|인터넷·IT·통신·모바일·게임... 용프로그래머>Linux|인터넷·IT·통신·모바일·게임>응용프로그래머> Python|인터넷·IT·통신·모바일·게임>응용프로그래머>iOS|인터넷·IT·통신...
https://kr.indeed.com/viewjob?jk=444320d2e49672dc,"Application Engineer South Korea (Physics, EE)",Zurich Instruments 대한민국,,"Experience in programming languages LabVIEW, MATLAB, Python or C is a plus. Availability to travel, around 25%. Moreover, we..."
https://kr.indeed.com/viewjob?jk=51a9e497c5eef66c,2021년 2월 IT분야 경력직원,우리에프아이에스 서울 마포구,,"이상 - Hive, Impala 기반 데이터 처리 경험 - 하둡 클러스터 개발 또는 운영 경험 [우대사항] ㅇ Python, Shell Programming 경험자 ㅇ NiFi, Kafka 빅데이터 수집 모듈 경험 및 빅데이..."
https://kr.indeed.com/viewjob?jk=9edef5cb1029c4c1,데이터 마케팅(분석/모델링) 전문가,LG전자 3.8 서울 영등포구,,"머신러닝/딥러닝을 이용한 분석 역량 및 경험 . 모델링을 위한 데이터 전처리 및 가공 실무 경험 . R, Python을 활용한 모델링 설계 및 구현 (지도 학습 및 비지도 학습 주요 모델 활용 능력 및 시계열 분석 모델 활용..."
https://kr.indeed.com/viewjob?jk=50d45047905b6954,Data Scientist 경력인재 - 글로벌 우량대기업,에스에프인촌 서울,,업무 유경험자 (1) 데이터 분석/모델링 수행업무 유경험자 - R/ Python/SAS 등의 분석 Tool을 활용하여 정형/비정형 데이터 분석 수행... 게임>빅데이터·AI(인공지능)> Python|인터넷·IT·통신·모바일·게임...
https://kr.indeed.com/viewjob?jk=efb69a29d8bd7514,2021년 IITP 주관 글로벌핵심인재양성 지원사업,정보통신기획평가원 대전 유성구,,인공지능)>빅데이터|인터넷·IT·통신·모바일·게임>빅데이터·AI(인공지능)>인공지능(AI)|인터넷·IT·통신·모바일·게임>빅데이터·AI(인공지능)> Python|인터넷·IT·통신·모바일·게임>빅데이터·AI(인공지능)>데이터분석
https://kr.indeed.com/viewjob?jk=68486bb7da29a05b,Application Engineer Consultant - HAV,Mentor Graphics (Korea) LLC 4.0 경기도 성남,,"Proficient in scripting languages used today. (e.g., Perl, Python, various shell scripts/Makefiles, XML, JSON, etc.) Good..."
https://kr.indeed.com/viewjob?jk=56e128e4011f9d01,[NICE평가정보] 2021년 상반기 수시,나이스평가정보 대한민국,,통계·SAS|인터넷·IT·통신·모바일·게임>웹프로그래머> Python|인터넷·IT·통신·모바일·게임>웹프로그래머>JAVA|인터넷·IT·통신·모바일·게임>응용프로그래머> Python|인터넷·IT·통신·모바일·게임>응용프로그래머>C...
https://kr.indeed.com/viewjob?jk=4adac8923476d038,프랭클린템플턴투신운용 Junior Trader (Quant base 필수...,프랭클린템플턴투신 대한민국,,"object-oriented programming and intermediate programming proficiency in Python, R or MATLAB, and SQL are essential. Licenses..."
https://kr.indeed.com/viewjob?jk=18f62dc644a89e0c,2021 Global Data Internship - Seoul (Kor...,Bloomberg 서울,,"work experience using one or more programming language (e.g. Python, JavaScript, SQL, etc.) Prior coursework or involvement..."
https://kr.indeed.com/viewjob?jk=f10a132f53b6307d,Applied Data Scientist,dunnhumby 서울,,"relevant subject Programming skills (Hadoop, Spark, SQL, Python) Prototyping Statistical Modelling Analytical Techniques..."
https://kr.indeed.com/viewjob?jk=78f5465432356e17,Sr Systems Administrator I,Raytheon Intelligence & Space 대한민국,,"Experience with Linux/Unix scripting, C++, Java, Perl, Python, Sybase... SQL. - Experience with Linux/Unix tools, YUM..."
https://kr.indeed.com/viewjob?jk=b5b88516a299bbb2,(주)신세계아이앤씨 경력사원 상시,신세계아이앤씨 서울 중구,,"0명 공통사항 -. 자동화 Tool에 대한 이해 보유자 -. JAVA, C, JavaScript, Python, HTML, JSP 등 프로그래밍 언어 개발 경험자... Process 및 Process Mangement에..."
https://kr.indeed.com/viewjob?jk=54e0d08c99dcf507,MI(Market Intelligence)담당 마케팅 전략 경력사원,LG전자 3.8 서울 영등포구,,"마케팅 전략/방향성 도출 경험 보유 4) 우대 사항 - 통계 분석 및 프로그래밍 언어 역량 보유: R, python, Java, SPSS, Tableau, etc. - 영어 능통 역량: 해외법인과 영어 화상 회의 및 현지..."
https://kr.indeed.com/viewjob?jk=7e94b666d8fbe2d0,[개발자] 꿈 찾아드립니다. 저희와 함께하세요.,ICON 서울,,C++ / Python 개발자 (우대)(1명) 이미지 프로세싱 관련 개발 경험이 있으신 분 - OpenCV 를 이용한 C++ 혹은 Python 개발에... 통신·모바일·게임>웹프로그래머> Python|인터넷·IT·통신·모바일·게임...
https://kr.indeed.com/viewjob?jk=0902a0487b3b69a9,2021년도 한국알프스 수시,한국알프스 광주 광산구,,상검사를 통한 외관검사 *우대사항* □C# 가능자 □.NET 가능자 □Halcon or Cognex 가능자 □ Python 가능자 광주 신입/경력 제조공정관리 초대졸 기계/전기/전자 공학 및 유사 전공 * 공정편성 및 LINE...
https://kr.indeed.com/viewjob?jk=0592fae45af22542,2021년 상반기 Python 경력,매크로액트 성남 분당구,,1년이상) 학력 학력무관 성별 무관 기타 담당업무 2021년 상반기 Python 경력 채용 커리어 양식 지원 상세모집요강 접수기간/방법 지원방법... 산업 직무별(직종) 웹프로그래머 Python 응용프로그래머응용프로그래머 산업...
https://kr.indeed.com/viewjob?jk=233bbfd9781e846d,"Engr, Tech Supp 3",KLA-Tencor 대한민국,,background Excel macro/code development for log analysis Python Database development for production Open to NCG (New College...
https://kr.indeed.com/viewjob?jk=3330430ae94277db,[타다]데이터 분석가/사이언티스트,쏘카 대한민국,,"통계에 대한 지식 및 머신러닝에 대한 지식을 보유하고 있으며, 데이터 분석 실무 경험이 풍부하신 분 • R, Python(Pandas, Numpy, Scikit-learn) 등의 데이터 분석을 위한 언어를 1개 이상 능숙하게..."
https://kr.indeed.com/viewjob?jk=23dfc13905f7fcc0,[Search] Knowledge Base Applications (신입...,네이버 서울,,"이터 수집 및 취합 - 빅데이터 기술을 이용한 데이터 분석 - 데이터 시각화 [필요기술] - Java/ Python/Scala 중 최소 1 가지이상 숙련자 - Web(HTML, JS, D3 ) [우대사항] - 대용량 데이..."
https://kr.indeed.com/viewjob?jk=010d38b18b07b6bb,데이터 분야 경력,LG CNS 3.7 서울,,"해가 뛰어난 자 - R, Python, SAS, SQL 등 활용 역량 우대사항(해당 내용 중 1개 이상) - ML/DL 경험 인력 우대 - 관련 분야 석사 이상 학위 소지자 우대 - R, Python등 데이터분석 모델링 경험..."
https://kr.indeed.com/viewjob?jk=7453bfdc26273cd9,Quantitative Researcher,자산운용: Quantitative Research 서울,"연봉 110,000,000원 - 140,000,000원","깊은 사고력, 창의력, 직업적 윤리의식, 끈기 있고 명석한 자가주도형 인재 프로그래밍 가능 (C++, Python 선호하나 필수는 아님) 글로벌 금융 시장에 대해 배우려는 강력한 의지 영어로 의사소통이 원활하신 분 (서면 및..."
https://kr.indeed.com/viewjob?jk=3fbbb0a082dd1ff9,"네모파트너즈비에이 데이터 분석가 신입,경력",네모파트너즈비에이 서울 영등포구,,"차무관) 학력사항: 대학교(4년)졸업 직무기술: 빅데이터, 데이터분석, Python, SAS, 시스템개발, 빅데이터분석 및 AI개발 기타: - 컴퓨터... 게임>빅데이터·AI(인공지능)> Python|인터넷·IT·통신·모바일·게임..."
https://kr.indeed.com/viewjob?jk=55a19c92c845685e,Developer / Designer recruit,마이뮤직테이스트 서울 논현동,,"language (i.e Python, Ruby, Java, .Net... High proficiency in Python... knowledge... least one Python web framework..."
https://kr.indeed.com/viewjob?jk=649ccf047c868778,"금융 데이터 분석 엔진, 로보어드바이저 개발자",에스비씨엔 서울 영등포구,,"시스템, 머신러닝, 자연어처리. 패턴분석 - 다음 언어에서 최소 한 가지 이상 능숙자: Java, C++, Python, JavaScript 우대사항 - 석사이상 컴퓨터공학 (Computer Science) 분야 또는..."
https://kr.indeed.com/viewjob?jk=18dfa5323b2713fe,AI/Data Scientist 경력직,SK건설 4.1 대한민국,,"내재한 Value/Social Bias 해소 수행 경험 보유자 - Python (Numpy/Pandas), C/C++ 언어 개발 능력 보유자 (우대사... 터분석|인터넷·IT·통신·모바일·게임>빅데이터·AI(인공지능)> Python"
https://kr.indeed.com/viewjob?jk=ab38178e6071aa0f,"Engr, Apps Dev 2",KLA-Tencor 대한민국,,"working effectively with different cultures. Matlab/ Python experience is a plus. We offer a competitive, family friendly..."
https://kr.indeed.com/viewjob?jk=b6f60e1ac5501c9c,Software Engineer - AI,GE Appliances 경기도 성남,,"lite, TensorRT. 5+ years of programming experience in Python, C/C++ Experiences working on deep learning model optimization..."
https://kr.indeed.com/viewjob?jk=da5c549bf1a76ded,데이터 사이언스(데이터 모델링 및 추천 모델링),NHN 4.4 성남 판교역,,"AB테스트, 결과 해석 등) - 리눅스 환경에서 머신 러닝 및 데이터 분석 관련 언어, 라이브러리( Python, R, SQL, tensorflow 등) 능숙한 활용 - 머신러닝, 추천 , 딥러닝 관련 논문을..."
https://kr.indeed.com/viewjob?jk=ddd1f037549e47a2,"솔루션 개발자, 품질인력 채용",한화그룹 4.2 서울,,"Python 및 기타 프로그래밍 언어 능숙자(C/C++/C#/Java/PHP) 윈도우 및 리눅스 운영체제 활용 능숙자 IP 네트워크, 운영체제, 데이터베이스 등 CS 기본 지식 서버사이드스크립트( Python/PHP..."
https://kr.indeed.com/viewjob?jk=b9b5a48d2121caca,Life Actuarial Analyst - Korea,Willis Towers Watson 서울,,"Familiarity with programming tool... SAS, DB2, R, Python preferred Bachelors Degree required Actuarial exam progress..."
https://kr.indeed.com/viewjob?jk=e9d6c53d8915adf6,"[Search] 파파고 머신러닝(자연어처리, 컴퓨터비전) 엔지니어 신입/...",네이버 서울,,"TensorFlow, PyTorch) · Python, C++ 등의 프로그... 자격요건] · 주도적으로 문제를 찾고, 해결할 수 있는 분 · Python 등의 프로그래밍 언어를 다룰 수 있는 분 · Tensorflow..."
https://kr.indeed.com/viewjob?jk=14b591547a3b9df5,[전문연구요원] 상시 (전직),네이버랩스 경기도,,"Tool Engineer ㅇ Python/C/C++ 언어 개발 용이 ㅇ... Design, Debugging Skills ㅇ스크립트 언어 개발 경험 ( Python, Bash, etc.) ㅇ Embedded Platform과..."
https://kr.indeed.com/viewjob?jk=fd0194167a01fed0,지능형자동차부품진흥원 인력,지능형자동차부품진흥원 대구 달성군,,통신·모바일·게임>빅데이터·AI(인공지능)>딥러닝|인터넷·IT·통신·모바일·게임>빅데이터·AI(인공지능)> Python|인터넷·IT·통신·모바일·게임>빅데이터·AI(인공지능)>무인 자동차 엔지니어|전자·기계·기술·화학·연구개발...
https://kr.indeed.com/viewjob?jk=5d4ef5faadd96b30,"[대성] 개발자 채용 | 앱개발,Java,Python,objective",대성 관심기업 전주 팔복동,"연봉 25,000,000원 - 30,000,000원","근무조건 정규직 급여 2500~3000만원 주 5일 | 오전 9시~오후 6시 undefined 전북전체, undefined 전주시 지원자격 신입, 경력 무관, 경력무관 학력무관 우대조건 해당업무 인턴경험, 해당업무 근무..."
https://kr.indeed.com/viewjob?jk=9acc17c535b42959,2021년 (신입) 전문연구요원 모집,NHN 4.4 성남 판교역,,"연구 및 개발 경험 - Python/C++/Java/C# 개발 경험... 머신러닝/딥러닝/음성인식/ 음성합성 연구 및 개발 경험 - Python/C++/Java/C# 개발 경험 - 전기전자, 정보통신, 컴퓨터 관련..."
https://kr.indeed.com/viewjob?jk=24f7f205ae589c18,"[4년제 대졸자 취업연계과정] 융합 SW 바이오 분야, 전공무관, 취업율...",한국폴리텍대학분당융합기술교육원 성남 분당구,,모바일·게임>빅데이터·AI(인공지능)>데이터분석|인터넷·IT·통신·모바일·게임>빅데이터·AI(인공지능)> Python|인터넷·IT·통신·모바일·게임>빅데이터·AI(인공지능)>머신러닝|인터넷·IT·통신·모바일·게임>ERP·시스템...
https://kr.indeed.com/viewjob?jk=bf5c07ed37d6a417,[교보라이프플래닛생명] 서비스기획/개발부문 신입/경력,교보라이프플래닛생명보험 서울 영등포구,,채용이 취소될 수 있습니다. 인터넷·IT·통신·모바일·게임>응용프로그래머> Python|인터넷·IT·통신·모바일·게임>응용프로그래머>PL-SQL|인터넷... DBA>데이터마이닝|인터넷·IT·통신·모바일·게임>웹프로그래머> Python
https://kr.indeed.com/viewjob?jk=df607996134e60ff,스테코 부문별 신입 및 경력사원,스테코 천안 서북구,,"알고리즘 개발 ※ C/C++ , Python , 할콘 library 개발... 데이터 처리 개발 경험 - HTML5기반 Web 시스템 개발 경험 - Python개발 경험 인사팀 인문계열 0명 ㆍ스테코 인사담당 업무 - 인사기획..."
https://kr.indeed.com/viewjob?jk=52f8fb3f7e662c5d,[카카오커머스] 기술직군,카카오커머스 성남 분당구,,"Keras, Pytorch 등) - Python을 활용한 머신러닝/딥러닝... 이상 사용 경험이 있으신 분 - 프로그램 개발(Java, Scala, Python 등) 중급 이상 기술 보유하신 분 - 대용량 데이터에 대한 실시간..."
https://kr.indeed.com/viewjob?jk=44b27e9dde454c6a,[고경력자의 경우 시간단축] 홈페이지 개발 및 관리 웹프로그래머,규 대한민국,"월급 2,000,000원",그래머>웹개발|인터넷·IT·통신·모바일·게임>웹프로그래머>HDML|인터넷·IT·통신·모바일·게임>웹프로그래머> Python|인터넷·IT·통신·모바일·게임>웹프로그래머>JAVA|인터넷·IT·통신·모바일·게임>웹프로그래머>HTML...
https://kr.indeed.com/viewjob?jk=01f6d88dd2b7b32d,Life Actuarial Analyst - Korea,Gras Savoye 서울,,"Familiarity with programming tool... SAS, DB2, R, Python preferred Bachelors Degree required Actuarial exam progress..."
https://kr.indeed.com/viewjob?jk=96f91c6618c0da6c,사회복지법인 아이들과미래재단 사업본부 직원 (~02.09),아이들과미래재단 서울 동작구,,"교육 및 기획 유경험자 우대 * EPL(Education Programming Language), C, Python 등 컴퓨터 언어 유경험자 * 아두이노, 마이크로비트, 라즈베리파이 등 오픈소스 하드웨어 유경험자 근무조건..."
https://kr.indeed.com/viewjob?jk=3259e28d21f56288,[전문연구요원] 빅데이터 엔지니어(신입/경력),웹젠 성남 분당구,,통합 과정 수료자 포함)로서 전문연구요원 신규편입/전직 대상인 분 - Python 또는 C# 프로그래밍 능력을 보유한 분 - Linux 환경에서 개발... 요원 신규편입/전직 대상인 분 - Python 또는 C# 프로그래밍 능력을...
https://kr.indeed.com/viewjob?jk=74b3d3c938870be2,Data Scientist,Motion2AI 서울,,"thinking to define unstructured problems - Experience with Python (pandas, numpy), R, SQL... VBA to deal... large..."
https://kr.indeed.com/viewjob?jk=74b3d3c938870be2,Data Scientist,Motion2AI 서울,,"thinking to define unstructured problems - Experience with Python (pandas, numpy), R, SQL... VBA to deal... large..."
https://kr.indeed.com/viewjob?jk=27ea6faf6a8516fd,퀀트 개발자 (Quant Developer),ATZ Inc. 서울,"연봉 30,000,000원 - 40,000,000원",any... following languages. (C/C++/C#/ Python/Java/Node.js)* Experience with R... languages) C/C++/C#/ Python/Java R/Excel...
https://kr.indeed.com/viewjob?jk=5c88acd09f153fc3,[취업연계 무료교육] 차세대 스마트공장 현장 엔지니어 전문가 양성과정 수...,한국산업기술협회 서울 금천구,,통신·모바일·게임>빅데이터·AI(인공지능)>머신러닝|인터넷·IT·통신·모바일·게임>빅데이터·AI(인공지능)> Python|인터넷·IT·통신·모바일·게임>ERP·시스템분석·설계>빅데이터|인터넷·IT·통신·모바일·게임>ERP·시스...
https://kr.indeed.com/viewjob?jk=4f319862856fe9c1,"Software Engineer, Machine Learning",Google 4.3 서울,,Machine Learning or AI. Programming experience in C++ and Python. Preferred qualifications: PhD or equivalent experience...
https://kr.indeed.com/viewjob?jk=5c7ce2a8bacecf7d,(광주취업맛집1위)2021년도 국비 기술교육생,대한상공회의소 광주인력개발원 광주 광산구,,통신·모바일·게임>빅데이터·AI(인공지능)>데이터분석|인터넷·IT·통신·모바일·게임>빅데이터·AI(인공지능)> Python|인터넷·IT·통신·모바일·게임>빅데이터·AI(인공지능)>머신러닝|인터넷·IT·통신·모바일·게임>빅데이터...
https://kr.indeed.com/viewjob?jk=70fccff4d30cb6bf,NAVER IDC 서버 운영/관리(가산),NIT Service 서울 가산동,,"Web, WAS에 대한 지식과 System application 운영 경험 - Shell script, python 활용 가능 - 해외 데이터센터 인프라 구축 또는 운영 경험 - 국가보훈대상자 및 장애인은 법령에 의거 우대..."
https://kr.indeed.com/viewjob?jk=9e1861e691426a98,Field AI Engineer,Graphcore 서울,,"hardware acceleration technologies Experience with Python and C++... depth knowledge of computer architectures, high..."
https://kr.indeed.com/viewjob?jk=f611a72cc9b1761e,Plat.B 추진단 AID팀 Machine Learning&AI 정규직,이투스교육 서울 강남구,,"구축 지원자격 ﻿일반적인 Back-end 시스템 설계 및 개발 ML/AI 시스템 아키텍쳐 설계 경험 Python, scala, R 등 ML 및 통계 관련 언어 사용 경험 머신러닝 프레임워크 경험자 (TensorFlow..."
https://kr.indeed.com/viewjob?jk=e9ac1a8708b8e784,[상시 ] Data Scientist (대리급/과-차장급/정규직),라이나생명보험 서울 종로구,,"데이터 분석 프로젝트 수행 경험 3년 이상 3년 이상의 R, SQL, Python 등 프로그래밍 언어 활용 경험 최신 AI 관련 기술을 포함한 다양한... 수행 경험 7년 이상의 R, SQL, Python 등 프로그래밍 언어 활용..."
https://kr.indeed.com/viewjob?jk=71c47ac87bb4087e,기술 인턴 인공지능 응용 연구/개발 인턴,써로마인드로보틱스 서울 관악구,,"6개월) (협의) *모집 절차: 서류 à인터뷰(오프라인) *지원 자격: 프로그래밍 언어 활용 능력: Python, C, C++ 중 1가지 이상 데이터구조, 알고리즘 과목 이수 머신러닝과 딥러닝의 기본 개념 이해 머신러닝..."
https://kr.indeed.com/viewjob?jk=57dead75c6dee2c1,글로벌 소셜카지노 서비스 해외사업 담당자 (경력),네오위즈 대한민국,,있는 분 우대사항 - 소셜 카지노 장르를 비롯해 카지노 산업 전반 대한 높은 이해도를 갖춘 분 - R과 Python 등을 활용해 통계 분석을 할 수 있는 분 - 우수한 영어 활용 능력과 글로벌 비즈니스 관련 경험이 있는 분...
https://kr.indeed.com/viewjob?jk=4bd70fb8a220d90d,[Janssen] Data Scientist,Johnson & Johnson Family of Companies 4.2 서울,,"Expertise in one or more programming languages... R, Python or SAS. 7. Knowledge of relational database architecture..."
https://kr.indeed.com/viewjob?jk=0cfd614dbcdb6e6c,[진행중]우리은행 빅데이터사업부 전문직(데이터 분석가(ML/DL)) 채용...,우리은행 4.5 서울 회현동,,ML/DL 기술을 활용한 분석모델 개발 및 서비스를 적용해 본 경험이 있는자 - 데이터 분석을 위한 언어( Python/R)를 하나 이상 능숙하게 다룰 수 있는자 우대사항 - 금융분야 ML/DL 관련 업무 경력 2년...
https://kr.indeed.com/viewjob?jk=7e9a745cd8bdcbe3,"Design Consultant, Staff",Synopsys 대한민국,,"industry DFT, MBIST, and ATPG tools •Experience scripting... Python and Tcl. Experience with Verilog or SystemVerilog RTL..."
https://kr.indeed.com/viewjob?jk=f70127e91faf757c,[조선해양/토목/기계] 엔지니어,포어시스 서울 마포구,"월급 3,000,000원 - 3,200,000원","이미지 프로세싱 전공자 - 해양쓰레기 차단막 운영시스템 개발을 위한 이미지 프로세싱 관련 전공자 우대 - Python, Matlab 등 프로그램 사용자(고급) 우대 ㆍ기계: 세부 전공 무관 - 수치시뮬레이션 가능자 우대 4..."
https://kr.indeed.com/viewjob?jk=05aa5498d84c58e1,데이터 엔지니어(신입/경력),쏘카 대한민국,,"있는 분 • 데이터 분석팀 및 유관 부서와의 원활한 소통을 위한 기본적인 쿼리 작성 능력을 갖춘 분 • Python 또는 Java, Scala, C++, C# 등의 언어를 최소 1개 이상 능숙하게 사용할 수 있는 분 • 대용..."
https://kr.indeed.com/viewjob?jk=e91a6a5eb66c641f,21년 상반기 현대오트론 경력사원 수시,현대오트론 서울,,통신·모바일·게임>응용프로그래머>Linux|인터넷·IT·통신·모바일·게임>응용프로그래머>C·C++|인터넷·IT·통신·모바일·게임>응용프로그래머> Python|인터넷·IT·통신·모바일·게임>빅데이터·AI(인공지능)>자율주행
https://kr.indeed.com/viewjob?jk=78e99625e5de3c95,전문연구요원 (병역특례) 수시 (AI / HW 분야),딥엑스 성남 분당구,"연봉 40,000,000원 - 100,000,000원","모델의 RTL IP 설계 및 IP 검증 가능자 - Language: Python/Perl, C/C++ [우대 조건] - ARM based SoC 설계... Linux, shell, tcl, python, perl 사용 원활..."
https://kr.indeed.com/viewjob?jk=84fd9f9deb6105b0,"웹개발, Python 외 신입/경력 계약직",쿠바로엠앤씨 서울 강서구,,"주식회사 쿠바로엠앤씨 웹개발, Python 외 신입/경력 계약직 채용 모집... 게임>웹프로그래머>웹개발|인터넷·IT·통신·모바일·게임>웹프로그래머> Python|인터넷·IT·통신·모바일·게임>웹프로그래머>백엔드|인터넷·IT·통신..."
https://kr.indeed.com/viewjob?jk=cd5ca556791f1f79,[브랜디] 경영본부/사업본부/개발직군 신입 및 경력,브랜디 서울 강남구,,"수 있는 분 - SQL, R, Python 등 데이터 관련 언어 사용이... 형상관리에 대한 이해 - (경력) 웹 서비스 개발 경험 - (경력) Python 유경험자 - (경력) AWS, Azure 등 클라우드 환경 프로젝트..."
https://kr.indeed.com/viewjob?jk=330617e8381fbee6,각 부문별 수시,KIS채권평가 대한민국,,"경제)학, 통계학, 금융공학/수학 전공자 우대 - 관련업무 경력자 우대 - 프로그램밍 가능자(MSOffice/ Python 등) 우대 (2) 모집부서: <대체투자본부> *포지션: 채용연계형 인턴 *담당업무: - 비시장성지분증..."
https://kr.indeed.com/viewjob?jk=cd40cf786e32f325,사내 및 서비스 보안 담당자 (경력),네오위즈 대한민국,,"GuardDuty, WAF, VPC Flow Logs 분석 등)이 있으신 분 - 각종 스크립트 언어(Perl, Python, shell script 등)의 활용 능력을 가진 분 - 모바일 게임 앱에 대한 보안 검수 경험이..."
https://kr.indeed.com/viewjob?jk=f0ebe714bb940da2,엔지니어,키사이트테크놀로지스 서울,,"region teams • Instrument programming coding skill (C#, Python) preferred 제출서류 - 제출서류는 일체 반환하지 않음 마감일 채용시 전형방법 서류-1차면접-2차면접..."
https://kr.indeed.com/viewjob?jk=e631d46f39019d13,각 분야별 인재 Pool 등록,지투알 서울,,"자 - 데이터 분석 툴(Adobe Analytics 또는 Google Analytics) 유경험자 우대 - Python, R, SQL 역량 보유자 우대 - 데이터에 기반한 문제해결 능력 및 통계학적 지식 보유자 우대 업무내용..."
https://kr.indeed.com/viewjob?jk=d4c52ba1a491a8b9,현대무벡스 경력사원 상시,현대무벡스 서울 종로구,,PM>웹기획|인터넷·IT·통신·모바일·게임>웹프로그래머>JAVA|인터넷·IT·통신·모바일·게임>웹프로그래머> Python|인터넷·IT·통신·모바일·게임>네트워크·서버·보안>정보보안|인터넷·IT·통신·모바일·게임>응용프로그래머>클라우드
https://kr.indeed.com/viewjob?jk=4623c0f018a828e3,Content Producer,Codeit 서울 • 원격 근무,,Programming in Python * Algorithms in Python * Object-Oriented Programming in Python * Data Structures in Python * UNIX...
https://kr.indeed.com/viewjob?jk=94e6b51a16f4a0f6,Perception Software Engineer - Autonomou...,NVIDIA 대한민국,,work experience. Strong programming skills in C++ and python. Hands-on experience in developing algorithms for state...
https://kr.indeed.com/viewjob?jk=eeb9fe1c361f0758,정보보안 담당자,Nexon 성남 분당구,,보안 이벤트 분석 또는 상관관계 이벤트 분석 능력 보유 - OS 및 네트워크 관련 기초 지식 보유 - python 등의 간단한 스크립트 작성 능력보유 - 타인과의 원활한 커뮤니케이션 자세 - 새로운 기술에 대한 적극적...
https://kr.indeed.com/viewjob?jk=18b288e9021d899f,NAVER IDC 서버 운영/관리(평촌/부산),NIT Service 안양 동안구,,"Web, WAS에 대한 지식과 System application 운영 경험 - Shell script, python 활용 가능 - 해외 데이터센터 인프라 구축 또는 운영 경험 - 국가보훈대상자 및 장애인은 법령에 의거 우대..."
https://kr.indeed.com/viewjob?jk=a2b8aae664300392,신한AI 인공지능(AI) 인력,신한에이아이 서울 영등포구,,"련전공 : 인공지능 / 수학 / 산업공학 / 컴퓨터공학 / 통계 관련 [우대사항] - 프로그래밍 숙련자 ( python 外 C++, Java 등) - 금융데이터 또는 시계열 데이터 기반 인공지능 모델 구축 및 운영경험 - 강화..."
https://kr.indeed.com/viewjob?jk=19b7736d5aa3f7e5,Machine Learning Research - Speech Recog...,Qualcomm Korea YH 서울,,experience in machine learning Programming skill in Python or C/C++ Experience in PyTorch (preferred) or TensorFlow...
https://kr.indeed.com/viewjob?jk=1770f7455af818e1,"[펜타시큐리티] 보안S/W 개발 및 기획자 (웹, 인증, 블록체인)",펜타시큐리티시스템 서울 영등포구,,인터넷·IT·통신·모바일·게임>웹프로그래머>JAVA|인터넷·IT·통신·모바일·게임>웹프로그래머> Python|인터넷·IT·통신·모바일·게임>응용프로그래머>C·C++|인터넷·IT·통신·모바일·게임>응용프로그래머>JAVA|인터넷...
https://kr.indeed.com/viewjob?jk=4665562997b87ff0,글로벌 소셜카지노 부문 사업PM,네오위즈 대한민국,,슬롯/블랙잭 등의 카지노 게임에 대한 이해도가 있으신 분 2. SQL 사용이 익숙하신 분 3. 엑셀/R/ Python을 활용해 통계 분석이 가능하신 분 4. 영어 활용 능력이 높으신 분 * 면접 일정 안내는 서류 합격...
https://kr.indeed.com/viewjob?jk=b1376913a965e740,Machine Learning Software Engineer - Emb...,Qualcomm Korea YH 서울,,related field. - Proficiency in C/C++ programming. - Python programming. - Basic knowledge of machine learning and deep...
https://kr.indeed.com/viewjob?jk=1d2b22a2bcd3256f,[AI/Lab] AI 백엔드 엔지니어 (마케팅 분야),버즈니 서울,,"으로 마케팅 인사이트 도출 – 보유하고 있는 빅 데이터를 활용하여 마케팅 인사이트 도출 이런 분을 찾습니다 Python 프로그래밍에 능숙하신 분 DB, 통계, 컴퓨터 기반 기술에 대한 이해를 가지신 분 이런 분은 더욱 좋습니..."
https://kr.indeed.com/viewjob?jk=bfe0f5ac4f32ec89,추천 통계분석/데이터사이언티스트,카카오 4.0 성남 판교역,,기능 기계학습 모델링 지원자격 개발 경력 3년 이상 숙련된 데이터분석 능력 데이터 사이언스를 위한 언어( Python/R) 를 하나 이상 능숙하게 다룰 수 있으신 분 분석 결과를 설득력있게 전달할 수 있는 분 우대사항...
https://kr.indeed.com/viewjob?jk=e934bb33ef71dacb,[EY한영] 금융감사본부 Data Analytics 전문 경력직 모집,Ernst & Young 4.0 대한민국,,총계정원장조정 경험자 - Python/R 등 프로그램 언어 활용 능력... PowerBI... Tableau Experience with Python/ R or other programming languages...
https://kr.indeed.com/viewjob?jk=810816c790317a08,보안,NHN 4.4 성남 판교역,,"등 개발 경력 3년 이상 - frida, ida, gdb 활용 가능 - Objective-C / Python Script 언어 개발 경험자 - 모바일 보안 솔루션 개발 경력 - Binary 난독화 / 암호화..."
https://kr.indeed.com/viewjob?jk=a746de9c7a6168ef,Healthcare Real World Data Analyst 담당자,IQVIA 서울,,"HEOR 전반적인 업무 수행 Qualifications Claims Data 관련 분석 경력자 SAS / Python / R 등 통계 프로그래밍 언어 사용 가능자 통계학 전공자, 통계 및 Epidemiology 관련 석사..."
https://kr.indeed.com/viewjob?jk=793d3bdf17f3593f,연구소 개발부문 연구원 직원 (회로설계/하드웨어설계/머신비전/이미지프로세...,모든 경기도 광명,"연봉 42,000,000원 - 46,000,000원","프로그래밍 가능자 우대 S/W 설계 부문 : - OPEN CV, TENSORFLOW, YOLO, CUDA/ Python, C++, C WindowsGUL APL, MFC Lib 활용 가능자. 머신비전/ 영상처리 개발자 * 전기..."
https://kr.indeed.com/viewjob?jk=30352a55b8205ca8,AML 데이터 분석/모델링 전문가,네이버 서울,,"니다. [자격요건] - 대용량 데이터 분석 Skill/Tool 사용이 가능하신 분 (SAS, R, Python 등) - Anomaly Detection 관점에서의 예측 모델링 개발을 경험하신 분 [우대사항] ﻿ - FDS..."
https://kr.indeed.com/viewjob?jk=c8bf4fa58999927f,AI 분야 경력,LG CNS 3.7 서울특별시,,"이상 (AI 관련 논문 발표) ② AI/딥러닝 알고리즘 연구개발 프로젝트 경험 ③ Ubuntu Linux, Python, Tensorflow, PyTorch 사용 중상급 이상 우대사항(해당 내용 중 1개 이상) ① AI/머신..."
https://kr.indeed.com/viewjob?jk=69e29038ecc0f40f,SM파견 웹개발자,유저해빗 인천 서구,"연봉 40,000,000원 - 50,000,000원","유지보수 - Python 기반 웹 유지보수 -Spring 기반 프로그램 유지보수 -기타 서비스 운영 관리 [근무부서 및 직급/직책] 근무부서: 개발팀 직급/직책: 사원, 팀원 [자격요건] -Java 혹은 python 웹 경력..."
https://kr.indeed.com/viewjob?jk=07375dc4e800dfa9,추천 시스템 소프트웨어 엔지니어,카카오 4.0 성남 판교역,,"관련 업무 경험자 우대사항 운영체제, 네트워크, 컴파일러, 데이터베이스에 대한 이해가 깊으신 분 Python, C++, GPU 프로그래밍 숙련자 대용량/실시간 서비스 개발/운영 경험이 많으신 분 ICPC/TopCoder..."
https://kr.indeed.com/viewjob?jk=da707a546a13ee22,Data Science 컨설턴트 - 글로벌 컨설팅펌,에스에프인촌 서울 서초구,,"분석 등을 통한 Insight 도출 자격요건 통계학과/산업공학과/컴퓨터공학과 등 유관 학과 졸업/석박사 우대 Python 등 관련 코딩 경력 빅데이터, 통계, Machine Learning, 알고리즘 등 Artificial..."
https://kr.indeed.com/viewjob?jk=df21e3bb5d773616,Python Programmer,Mofac 서울 서초구,,개발 – JAVA 프로그래밍(라이브러리 활용) – Spring 프레임 워크 개발 – Python API 프로그래밍 우대사항 – Python 개발 경험 – Open Source 라이브러리 개발경험 – Web 표준에 대한 경험...
https://kr.indeed.com/viewjob?jk=29c6b79d1a7d446d,2021년 신입/경력직,다나와 서울 양천구,,"응시자격 지원하기 데브옵스개발 경력 데브옵스(devops) 환경 구축 및 품질향상 경력 1~7년 Java, Python에 대한 이해보유자 Spring Boot 또는 Express.js 프레임워크 이해 보유자 바로가기 데이터베..."
https://kr.indeed.com/viewjob?jk=241ae1e7499c461c,Security Engineer (모의해킹/취약점 점검),Toss 서울 강남구,,"그바운트 경험이 있는 분 - 해킹대회 우승 경력이 있는 분 - 다양한 플랫폼 보안 진단 경험이 있는 분 - Python, C, C++, C#, JAVA 중 프로그래밍 언어에 능숙 하신 분 # 현업 인터뷰 - 결제 산업의 미래..."
https://kr.indeed.com/viewjob?jk=f4c784e2cb1ecbbb,Technical Specialist,Microsoft 4.2 서울,,"Developer experience in C#, Java, Node.js/JavaScript and Python. Data and analytics experience – Machine Learning skills..."
https://kr.indeed.com/viewjob?jk=ceb8243bc8ae3c35,[데이터 플랫폼]데이터 엔지니어 (전문연구요원 가능),버즈니 서울,,및 유지보수 이런 분을 찾습니다 관련 업무 경력 최소 3년 이상 있으신 분 (전문연구요원의 경우 경력 무관) Python 및 기반 데이터 플랫폼 개발 경험이 있으신 분 Docker(Contatiner) 기반 시스템 환경 구축...
https://kr.indeed.com/viewjob?jk=74b3d3c938870be2,Data Scientist,Motion2AI 서울,,"thinking to define unstructured problems - Experience with Python (pandas, numpy), R, SQL... VBA to deal... large..."
https://kr.indeed.com/viewjob?jk=27ea6faf6a8516fd,퀀트 개발자 (Quant Developer),ATZ Inc. 서울,"연봉 30,000,000원 - 40,000,000원",any... following languages. (C/C++/C#/ Python/Java/Node.js)* Experience with R... languages) C/C++/C#/ Python/Java R/Excel...
https://kr.indeed.com/viewjob?jk=5c88acd09f153fc3,[취업연계 무료교육] 차세대 스마트공장 현장 엔지니어 전문가 양성과정 수...,한국산업기술협회 서울 금천구,,통신·모바일·게임>빅데이터·AI(인공지능)>머신러닝|인터넷·IT·통신·모바일·게임>빅데이터·AI(인공지능)> Python|인터넷·IT·통신·모바일·게임>ERP·시스템분석·설계>빅데이터|인터넷·IT·통신·모바일·게임>ERP·시스...
https://kr.indeed.com/viewjob?jk=4f319862856fe9c1,"Software Engineer, Machine Learning",Google 4.3 서울,,Machine Learning or AI. Programming experience in C++ and Python. Preferred qualifications: PhD or equivalent experience...
https://kr.indeed.com/viewjob?jk=5c7ce2a8bacecf7d,(광주취업맛집1위)2021년도 국비 기술교육생,대한상공회의소 광주인력개발원 광주 광산구,,통신·모바일·게임>빅데이터·AI(인공지능)>데이터분석|인터넷·IT·통신·모바일·게임>빅데이터·AI(인공지능)> Python|인터넷·IT·통신·모바일·게임>빅데이터·AI(인공지능)>머신러닝|인터넷·IT·통신·모바일·게임>빅데이터...
https://kr.indeed.com/viewjob?jk=70fccff4d30cb6bf,NAVER IDC 서버 운영/관리(가산),NIT Service 서울 가산동,,"Web, WAS에 대한 지식과 System application 운영 경험 - Shell script, python 활용 가능 - 해외 데이터센터 인프라 구축 또는 운영 경험 - 국가보훈대상자 및 장애인은 법령에 의거 우대..."
https://kr.indeed.com/viewjob?jk=9e1861e691426a98,Field AI Engineer,Graphcore 서울,,"hardware acceleration technologies Experience with Python and C++... depth knowledge of computer architectures, high..."
https://kr.indeed.com/viewjob?jk=f611a72cc9b1761e,Plat.B 추진단 AID팀 Machine Learning&AI 정규직,이투스교육 서울 강남구,,"구축 지원자격 ﻿일반적인 Back-end 시스템 설계 및 개발 ML/AI 시스템 아키텍쳐 설계 경험 Python, scala, R 등 ML 및 통계 관련 언어 사용 경험 머신러닝 프레임워크 경험자 (TensorFlow..."
https://kr.indeed.com/viewjob?jk=e9ac1a8708b8e784,[상시 ] Data Scientist (대리급/과-차장급/정규직),라이나생명보험 서울 종로구,,"데이터 분석 프로젝트 수행 경험 3년 이상 3년 이상의 R, SQL, Python 등 프로그래밍 언어 활용 경험 최신 AI 관련 기술을 포함한 다양한... 수행 경험 7년 이상의 R, SQL, Python 등 프로그래밍 언어 활용..."
https://kr.indeed.com/viewjob?jk=71c47ac87bb4087e,기술 인턴 인공지능 응용 연구/개발 인턴,써로마인드로보틱스 서울 관악구,,"6개월) (협의) *모집 절차: 서류 à인터뷰(오프라인) *지원 자격: 프로그래밍 언어 활용 능력: Python, C, C++ 중 1가지 이상 데이터구조, 알고리즘 과목 이수 머신러닝과 딥러닝의 기본 개념 이해 머신러닝..."
https://kr.indeed.com/viewjob?jk=57dead75c6dee2c1,글로벌 소셜카지노 서비스 해외사업 담당자 (경력),네오위즈 대한민국,,있는 분 우대사항 - 소셜 카지노 장르를 비롯해 카지노 산업 전반 대한 높은 이해도를 갖춘 분 - R과 Python 등을 활용해 통계 분석을 할 수 있는 분 - 우수한 영어 활용 능력과 글로벌 비즈니스 관련 경험이 있는 분...
https://kr.indeed.com/viewjob?jk=4bd70fb8a220d90d,[Janssen] Data Scientist,Johnson & Johnson Family of Companies 4.2 서울,,"Expertise in one or more programming languages... R, Python or SAS. 7. Knowledge of relational database architecture..."
https://kr.indeed.com/viewjob?jk=0cfd614dbcdb6e6c,[진행중]우리은행 빅데이터사업부 전문직(데이터 분석가(ML/DL)) 채용...,우리은행 4.5 서울 회현동,,ML/DL 기술을 활용한 분석모델 개발 및 서비스를 적용해 본 경험이 있는자 - 데이터 분석을 위한 언어( Python/R)를 하나 이상 능숙하게 다룰 수 있는자 우대사항 - 금융분야 ML/DL 관련 업무 경력 2년...
https://kr.indeed.com/viewjob?jk=7e9a745cd8bdcbe3,"Design Consultant, Staff",Synopsys 대한민국,,"industry DFT, MBIST, and ATPG tools •Experience scripting... Python and Tcl. Experience with Verilog or SystemVerilog RTL..."
https://kr.indeed.com/viewjob?jk=f70127e91faf757c,[조선해양/토목/기계] 엔지니어,포어시스 서울 마포구,"월급 3,000,000원 - 3,200,000원","이미지 프로세싱 전공자 - 해양쓰레기 차단막 운영시스템 개발을 위한 이미지 프로세싱 관련 전공자 우대 - Python, Matlab 등 프로그램 사용자(고급) 우대 ㆍ기계: 세부 전공 무관 - 수치시뮬레이션 가능자 우대 4..."
https://kr.indeed.com/viewjob?jk=05aa5498d84c58e1,데이터 엔지니어(신입/경력),쏘카 대한민국,,"있는 분 • 데이터 분석팀 및 유관 부서와의 원활한 소통을 위한 기본적인 쿼리 작성 능력을 갖춘 분 • Python 또는 Java, Scala, C++, C# 등의 언어를 최소 1개 이상 능숙하게 사용할 수 있는 분 • 대용..."
https://kr.indeed.com/viewjob?jk=e91a6a5eb66c641f,21년 상반기 현대오트론 경력사원 수시,현대오트론 서울,,통신·모바일·게임>응용프로그래머>Linux|인터넷·IT·통신·모바일·게임>응용프로그래머>C·C++|인터넷·IT·통신·모바일·게임>응용프로그래머> Python|인터넷·IT·통신·모바일·게임>빅데이터·AI(인공지능)>자율주행
https://kr.indeed.com/viewjob?jk=78e99625e5de3c95,전문연구요원 (병역특례) 수시 (AI / HW 분야),딥엑스 성남 분당구,"연봉 40,000,000원 - 100,000,000원","모델의 RTL IP 설계 및 IP 검증 가능자 - Language: Python/Perl, C/C++ [우대 조건] - ARM based SoC 설계... Linux, shell, tcl, python, perl 사용 원활..."
https://kr.indeed.com/viewjob?jk=84fd9f9deb6105b0,"웹개발, Python 외 신입/경력 계약직",쿠바로엠앤씨 서울 강서구,,"주식회사 쿠바로엠앤씨 웹개발, Python 외 신입/경력 계약직 채용 모집... 게임>웹프로그래머>웹개발|인터넷·IT·통신·모바일·게임>웹프로그래머> Python|인터넷·IT·통신·모바일·게임>웹프로그래머>백엔드|인터넷·IT·통신..."
https://kr.indeed.com/viewjob?jk=cd5ca556791f1f79,[브랜디] 경영본부/사업본부/개발직군 신입 및 경력,브랜디 서울 강남구,,"수 있는 분 - SQL, R, Python 등 데이터 관련 언어 사용이... 형상관리에 대한 이해 - (경력) 웹 서비스 개발 경험 - (경력) Python 유경험자 - (경력) AWS, Azure 등 클라우드 환경 프로젝트..."
https://kr.indeed.com/viewjob?jk=330617e8381fbee6,각 부문별 수시,KIS채권평가 대한민국,,"경제)학, 통계학, 금융공학/수학 전공자 우대 - 관련업무 경력자 우대 - 프로그램밍 가능자(MSOffice/ Python 등) 우대 (2) 모집부서: <대체투자본부> *포지션: 채용연계형 인턴 *담당업무: - 비시장성지분증..."
https://kr.indeed.com/viewjob?jk=cd40cf786e32f325,사내 및 서비스 보안 담당자 (경력),네오위즈 대한민국,,"GuardDuty, WAF, VPC Flow Logs 분석 등)이 있으신 분 - 각종 스크립트 언어(Perl, Python, shell script 등)의 활용 능력을 가진 분 - 모바일 게임 앱에 대한 보안 검수 경험이..."
https://kr.indeed.com/viewjob?jk=f0ebe714bb940da2,엔지니어,키사이트테크놀로지스 서울,,"region teams • Instrument programming coding skill (C#, Python) preferred 제출서류 - 제출서류는 일체 반환하지 않음 마감일 채용시 전형방법 서류-1차면접-2차면접..."
https://kr.indeed.com/viewjob?jk=e631d46f39019d13,각 분야별 인재 Pool 등록,지투알 서울,,"자 - 데이터 분석 툴(Adobe Analytics 또는 Google Analytics) 유경험자 우대 - Python, R, SQL 역량 보유자 우대 - 데이터에 기반한 문제해결 능력 및 통계학적 지식 보유자 우대 업무내용..."
https://kr.indeed.com/viewjob?jk=d4c52ba1a491a8b9,현대무벡스 경력사원 상시,현대무벡스 서울 종로구,,PM>웹기획|인터넷·IT·통신·모바일·게임>웹프로그래머>JAVA|인터넷·IT·통신·모바일·게임>웹프로그래머> Python|인터넷·IT·통신·모바일·게임>네트워크·서버·보안>정보보안|인터넷·IT·통신·모바일·게임>응용프로그래머>클라우드
https://kr.indeed.com/viewjob?jk=4623c0f018a828e3,Content Producer,Codeit 서울 • 원격 근무,,Programming in Python * Algorithms in Python * Object-Oriented Programming in Python * Data Structures in Python * UNIX...
https://kr.indeed.com/viewjob?jk=94e6b51a16f4a0f6,Perception Software Engineer - Autonomou...,NVIDIA 대한민국,,work experience. Strong programming skills in C++ and python. Hands-on experience in developing algorithms for state...
https://kr.indeed.com/viewjob?jk=eeb9fe1c361f0758,정보보안 담당자,Nexon 성남 분당구,,보안 이벤트 분석 또는 상관관계 이벤트 분석 능력 보유 - OS 및 네트워크 관련 기초 지식 보유 - python 등의 간단한 스크립트 작성 능력보유 - 타인과의 원활한 커뮤니케이션 자세 - 새로운 기술에 대한 적극적...
https://kr.indeed.com/viewjob?jk=18b288e9021d899f,NAVER IDC 서버 운영/관리(평촌/부산),NIT Service 안양 동안구,,"Web, WAS에 대한 지식과 System application 운영 경험 - Shell script, python 활용 가능 - 해외 데이터센터 인프라 구축 또는 운영 경험 - 국가보훈대상자 및 장애인은 법령에 의거 우대..."
https://kr.indeed.com/viewjob?jk=a2b8aae664300392,신한AI 인공지능(AI) 인력,신한에이아이 서울 영등포구,,"련전공 : 인공지능 / 수학 / 산업공학 / 컴퓨터공학 / 통계 관련 [우대사항] - 프로그래밍 숙련자 ( python 外 C++, Java 등) - 금융데이터 또는 시계열 데이터 기반 인공지능 모델 구축 및 운영경험 - 강화..."
https://kr.indeed.com/viewjob?jk=19b7736d5aa3f7e5,Machine Learning Research - Speech Recog...,Qualcomm Korea YH 서울,,experience in machine learning Programming skill in Python or C/C++ Experience in PyTorch (preferred) or TensorFlow...
https://kr.indeed.com/viewjob?jk=1770f7455af818e1,"[펜타시큐리티] 보안S/W 개발 및 기획자 (웹, 인증, 블록체인)",펜타시큐리티시스템 서울 영등포구,,인터넷·IT·통신·모바일·게임>웹프로그래머>JAVA|인터넷·IT·통신·모바일·게임>웹프로그래머> Python|인터넷·IT·통신·모바일·게임>응용프로그래머>C·C++|인터넷·IT·통신·모바일·게임>응용프로그래머>JAVA|인터넷...
https://kr.indeed.com/viewjob?jk=4665562997b87ff0,글로벌 소셜카지노 부문 사업PM,네오위즈 대한민국,,슬롯/블랙잭 등의 카지노 게임에 대한 이해도가 있으신 분 2. SQL 사용이 익숙하신 분 3. 엑셀/R/ Python을 활용해 통계 분석이 가능하신 분 4. 영어 활용 능력이 높으신 분 * 면접 일정 안내는 서류 합격...
https://kr.indeed.com/viewjob?jk=b1376913a965e740,Machine Learning Software Engineer - Emb...,Qualcomm Korea YH 서울,,related field. - Proficiency in C/C++ programming. - Python programming. - Basic knowledge of machine learning and deep...
https://kr.indeed.com/viewjob?jk=1d2b22a2bcd3256f,[AI/Lab] AI 백엔드 엔지니어 (마케팅 분야),버즈니 서울,,"으로 마케팅 인사이트 도출 – 보유하고 있는 빅 데이터를 활용하여 마케팅 인사이트 도출 이런 분을 찾습니다 Python 프로그래밍에 능숙하신 분 DB, 통계, 컴퓨터 기반 기술에 대한 이해를 가지신 분 이런 분은 더욱 좋습니..."
https://kr.indeed.com/viewjob?jk=bfe0f5ac4f32ec89,추천 통계분석/데이터사이언티스트,카카오 4.0 성남 판교역,,기능 기계학습 모델링 지원자격 개발 경력 3년 이상 숙련된 데이터분석 능력 데이터 사이언스를 위한 언어( Python/R) 를 하나 이상 능숙하게 다룰 수 있으신 분 분석 결과를 설득력있게 전달할 수 있는 분 우대사항...
https://kr.indeed.com/viewjob?jk=e934bb33ef71dacb,[EY한영] 금융감사본부 Data Analytics 전문 경력직 모집,Ernst & Young 4.0 대한민국,,총계정원장조정 경험자 - Python/R 등 프로그램 언어 활용 능력... PowerBI... Tableau Experience with Python/ R or other programming languages...
https://kr.indeed.com/viewjob?jk=810816c790317a08,보안,NHN 4.4 성남 판교역,,"등 개발 경력 3년 이상 - frida, ida, gdb 활용 가능 - Objective-C / Python Script 언어 개발 경험자 - 모바일 보안 솔루션 개발 경력 - Binary 난독화 / 암호화..."
https://kr.indeed.com/viewjob?jk=a746de9c7a6168ef,Healthcare Real World Data Analyst 담당자,IQVIA 서울,,"HEOR 전반적인 업무 수행 Qualifications Claims Data 관련 분석 경력자 SAS / Python / R 등 통계 프로그래밍 언어 사용 가능자 통계학 전공자, 통계 및 Epidemiology 관련 석사..."
https://kr.indeed.com/viewjob?jk=793d3bdf17f3593f,연구소 개발부문 연구원 직원 (회로설계/하드웨어설계/머신비전/이미지프로세...,모든 경기도 광명,"연봉 42,000,000원 - 46,000,000원","프로그래밍 가능자 우대 S/W 설계 부문 : - OPEN CV, TENSORFLOW, YOLO, CUDA/ Python, C++, C WindowsGUL APL, MFC Lib 활용 가능자. 머신비전/ 영상처리 개발자 * 전기..."
https://kr.indeed.com/viewjob?jk=30352a55b8205ca8,AML 데이터 분석/모델링 전문가,네이버 서울,,"니다. [자격요건] - 대용량 데이터 분석 Skill/Tool 사용이 가능하신 분 (SAS, R, Python 등) - Anomaly Detection 관점에서의 예측 모델링 개발을 경험하신 분 [우대사항] ﻿ - FDS..."
https://kr.indeed.com/viewjob?jk=c8bf4fa58999927f,AI 분야 경력,LG CNS 3.7 서울특별시,,"이상 (AI 관련 논문 발표) ② AI/딥러닝 알고리즘 연구개발 프로젝트 경험 ③ Ubuntu Linux, Python, Tensorflow, PyTorch 사용 중상급 이상 우대사항(해당 내용 중 1개 이상) ① AI/머신..."
https://kr.indeed.com/viewjob?jk=69e29038ecc0f40f,SM파견 웹개발자,유저해빗 인천 서구,"연봉 40,000,000원 - 50,000,000원","유지보수 - Python 기반 웹 유지보수 -Spring 기반 프로그램 유지보수 -기타 서비스 운영 관리 [근무부서 및 직급/직책] 근무부서: 개발팀 직급/직책: 사원, 팀원 [자격요건] -Java 혹은 python 웹 경력..."
https://kr.indeed.com/viewjob?jk=07375dc4e800dfa9,추천 시스템 소프트웨어 엔지니어,카카오 4.0 성남 판교역,,"관련 업무 경험자 우대사항 운영체제, 네트워크, 컴파일러, 데이터베이스에 대한 이해가 깊으신 분 Python, C++, GPU 프로그래밍 숙련자 대용량/실시간 서비스 개발/운영 경험이 많으신 분 ICPC/TopCoder..."
https://kr.indeed.com/viewjob?jk=da707a546a13ee22,Data Science 컨설턴트 - 글로벌 컨설팅펌,에스에프인촌 서울 서초구,,"분석 등을 통한 Insight 도출 자격요건 통계학과/산업공학과/컴퓨터공학과 등 유관 학과 졸업/석박사 우대 Python 등 관련 코딩 경력 빅데이터, 통계, Machine Learning, 알고리즘 등 Artificial..."
https://kr.indeed.com/viewjob?jk=df21e3bb5d773616,Python Programmer,Mofac 서울 서초구,,개발 – JAVA 프로그래밍(라이브러리 활용) – Spring 프레임 워크 개발 – Python API 프로그래밍 우대사항 – Python 개발 경험 – Open Source 라이브러리 개발경험 – Web 표준에 대한 경험...
https://kr.indeed.com/viewjob?jk=29c6b79d1a7d446d,2021년 신입/경력직,다나와 서울 양천구,,"응시자격 지원하기 데브옵스개발 경력 데브옵스(devops) 환경 구축 및 품질향상 경력 1~7년 Java, Python에 대한 이해보유자 Spring Boot 또는 Express.js 프레임워크 이해 보유자 바로가기 데이터베..."
https://kr.indeed.com/viewjob?jk=241ae1e7499c461c,Security Engineer (모의해킹/취약점 점검),Toss 서울 강남구,,"그바운트 경험이 있는 분 - 해킹대회 우승 경력이 있는 분 - 다양한 플랫폼 보안 진단 경험이 있는 분 - Python, C, C++, C#, JAVA 중 프로그래밍 언어에 능숙 하신 분 # 현업 인터뷰 - 결제 산업의 미래..."
https://kr.indeed.com/viewjob?jk=f4c784e2cb1ecbbb,Technical Specialist,Microsoft 4.2 서울,,"Developer experience in C#, Java, Node.js/JavaScript and Python. Data and analytics experience – Machine Learning skills..."
https://kr.indeed.com/viewjob?jk=ceb8243bc8ae3c35,[데이터 플랫폼]데이터 엔지니어 (전문연구요원 가능),버즈니 서울,,및 유지보수 이런 분을 찾습니다 관련 업무 경력 최소 3년 이상 있으신 분 (전문연구요원의 경우 경력 무관) Python 및 기반 데이터 플랫폼 개발 경험이 있으신 분 Docker(Contatiner) 기반 시스템 환경 구축...
https://kr.indeed.com/viewjob?jk=74b3d3c938870be2,Data Scientist,Motion2AI 서울,,"thinking to define unstructured problems - Experience with Python (pandas, numpy), R, SQL... VBA to deal... large..."
https://kr.indeed.com/viewjob?jk=27ea6faf6a8516fd,퀀트 개발자 (Quant Developer),ATZ Inc. 서울,"연봉 30,000,000원 - 40,000,000원",any... following languages. (C/C++/C#/ Python/Java/Node.js)* Experience with R... languages) C/C++/C#/ Python/Java R/Excel...
https://kr.indeed.com/viewjob?jk=5c88acd09f153fc3,[취업연계 무료교육] 차세대 스마트공장 현장 엔지니어 전문가 양성과정 수...,한국산업기술협회 서울 금천구,,통신·모바일·게임>빅데이터·AI(인공지능)>머신러닝|인터넷·IT·통신·모바일·게임>빅데이터·AI(인공지능)> Python|인터넷·IT·통신·모바일·게임>ERP·시스템분석·설계>빅데이터|인터넷·IT·통신·모바일·게임>ERP·시스...
https://kr.indeed.com/viewjob?jk=4f319862856fe9c1,"Software Engineer, Machine Learning",Google 4.3 서울,,Machine Learning or AI. Programming experience in C++ and Python. Preferred qualifications: PhD or equivalent experience...
https://kr.indeed.com/viewjob?jk=5c7ce2a8bacecf7d,(광주취업맛집1위)2021년도 국비 기술교육생,대한상공회의소 광주인력개발원 광주 광산구,,통신·모바일·게임>빅데이터·AI(인공지능)>데이터분석|인터넷·IT·통신·모바일·게임>빅데이터·AI(인공지능)> Python|인터넷·IT·통신·모바일·게임>빅데이터·AI(인공지능)>머신러닝|인터넷·IT·통신·모바일·게임>빅데이터...
https://kr.indeed.com/viewjob?jk=70fccff4d30cb6bf,NAVER IDC 서버 운영/관리(가산),NIT Service 서울 가산동,,"Web, WAS에 대한 지식과 System application 운영 경험 - Shell script, python 활용 가능 - 해외 데이터센터 인프라 구축 또는 운영 경험 - 국가보훈대상자 및 장애인은 법령에 의거 우대..."
https://kr.indeed.com/viewjob?jk=9e1861e691426a98,Field AI Engineer,Graphcore 서울,,"hardware acceleration technologies Experience with Python and C++... depth knowledge of computer architectures, high..."
https://kr.indeed.com/viewjob?jk=f611a72cc9b1761e,Plat.B 추진단 AID팀 Machine Learning&AI 정규직,이투스교육 서울 강남구,,"구축 지원자격 ﻿일반적인 Back-end 시스템 설계 및 개발 ML/AI 시스템 아키텍쳐 설계 경험 Python, scala, R 등 ML 및 통계 관련 언어 사용 경험 머신러닝 프레임워크 경험자 (TensorFlow..."
https://kr.indeed.com/viewjob?jk=e9ac1a8708b8e784,[상시 ] Data Scientist (대리급/과-차장급/정규직),라이나생명보험 서울 종로구,,"데이터 분석 프로젝트 수행 경험 3년 이상 3년 이상의 R, SQL, Python 등 프로그래밍 언어 활용 경험 최신 AI 관련 기술을 포함한 다양한... 수행 경험 7년 이상의 R, SQL, Python 등 프로그래밍 언어 활용..."
https://kr.indeed.com/viewjob?jk=71c47ac87bb4087e,기술 인턴 인공지능 응용 연구/개발 인턴,써로마인드로보틱스 서울 관악구,,"6개월) (협의) *모집 절차: 서류 à인터뷰(오프라인) *지원 자격: 프로그래밍 언어 활용 능력: Python, C, C++ 중 1가지 이상 데이터구조, 알고리즘 과목 이수 머신러닝과 딥러닝의 기본 개념 이해 머신러닝..."
https://kr.indeed.com/viewjob?jk=57dead75c6dee2c1,글로벌 소셜카지노 서비스 해외사업 담당자 (경력),네오위즈 대한민국,,있는 분 우대사항 - 소셜 카지노 장르를 비롯해 카지노 산업 전반 대한 높은 이해도를 갖춘 분 - R과 Python 등을 활용해 통계 분석을 할 수 있는 분 - 우수한 영어 활용 능력과 글로벌 비즈니스 관련 경험이 있는 분...
https://kr.indeed.com/viewjob?jk=4bd70fb8a220d90d,[Janssen] Data Scientist,Johnson & Johnson Family of Companies 4.2 서울,,"Expertise in one or more programming languages... R, Python or SAS. 7. Knowledge of relational database architecture..."
https://kr.indeed.com/viewjob?jk=0cfd614dbcdb6e6c,[진행중]우리은행 빅데이터사업부 전문직(데이터 분석가(ML/DL)) 채용...,우리은행 4.5 서울 회현동,,ML/DL 기술을 활용한 분석모델 개발 및 서비스를 적용해 본 경험이 있는자 - 데이터 분석을 위한 언어( Python/R)를 하나 이상 능숙하게 다룰 수 있는자 우대사항 - 금융분야 ML/DL 관련 업무 경력 2년...
https://kr.indeed.com/viewjob?jk=7e9a745cd8bdcbe3,"Design Consultant, Staff",Synopsys 대한민국,,"industry DFT, MBIST, and ATPG tools •Experience scripting... Python and Tcl. Experience with Verilog or SystemVerilog RTL..."
https://kr.indeed.com/viewjob?jk=f70127e91faf757c,[조선해양/토목/기계] 엔지니어,포어시스 서울 마포구,"월급 3,000,000원 - 3,200,000원","이미지 프로세싱 전공자 - 해양쓰레기 차단막 운영시스템 개발을 위한 이미지 프로세싱 관련 전공자 우대 - Python, Matlab 등 프로그램 사용자(고급) 우대 ㆍ기계: 세부 전공 무관 - 수치시뮬레이션 가능자 우대 4..."
https://kr.indeed.com/viewjob?jk=05aa5498d84c58e1,데이터 엔지니어(신입/경력),쏘카 대한민국,,"있는 분 • 데이터 분석팀 및 유관 부서와의 원활한 소통을 위한 기본적인 쿼리 작성 능력을 갖춘 분 • Python 또는 Java, Scala, C++, C# 등의 언어를 최소 1개 이상 능숙하게 사용할 수 있는 분 • 대용..."
https://kr.indeed.com/viewjob?jk=e91a6a5eb66c641f,21년 상반기 현대오트론 경력사원 수시,현대오트론 서울,,통신·모바일·게임>응용프로그래머>Linux|인터넷·IT·통신·모바일·게임>응용프로그래머>C·C++|인터넷·IT·통신·모바일·게임>응용프로그래머> Python|인터넷·IT·통신·모바일·게임>빅데이터·AI(인공지능)>자율주행
https://kr.indeed.com/viewjob?jk=78e99625e5de3c95,전문연구요원 (병역특례) 수시 (AI / HW 분야),딥엑스 성남 분당구,"연봉 40,000,000원 - 100,000,000원","모델의 RTL IP 설계 및 IP 검증 가능자 - Language: Python/Perl, C/C++ [우대 조건] - ARM based SoC 설계... Linux, shell, tcl, python, perl 사용 원활..."
https://kr.indeed.com/viewjob?jk=84fd9f9deb6105b0,"웹개발, Python 외 신입/경력 계약직",쿠바로엠앤씨 서울 강서구,,"주식회사 쿠바로엠앤씨 웹개발, Python 외 신입/경력 계약직 채용 모집... 게임>웹프로그래머>웹개발|인터넷·IT·통신·모바일·게임>웹프로그래머> Python|인터넷·IT·통신·모바일·게임>웹프로그래머>백엔드|인터넷·IT·통신..."
https://kr.indeed.com/viewjob?jk=cd5ca556791f1f79,[브랜디] 경영본부/사업본부/개발직군 신입 및 경력,브랜디 서울 강남구,,"수 있는 분 - SQL, R, Python 등 데이터 관련 언어 사용이... 형상관리에 대한 이해 - (경력) 웹 서비스 개발 경험 - (경력) Python 유경험자 - (경력) AWS, Azure 등 클라우드 환경 프로젝트..."
https://kr.indeed.com/viewjob?jk=330617e8381fbee6,각 부문별 수시,KIS채권평가 대한민국,,"경제)학, 통계학, 금융공학/수학 전공자 우대 - 관련업무 경력자 우대 - 프로그램밍 가능자(MSOffice/ Python 등) 우대 (2) 모집부서: <대체투자본부> *포지션: 채용연계형 인턴 *담당업무: - 비시장성지분증..."
https://kr.indeed.com/viewjob?jk=cd40cf786e32f325,사내 및 서비스 보안 담당자 (경력),네오위즈 대한민국,,"GuardDuty, WAF, VPC Flow Logs 분석 등)이 있으신 분 - 각종 스크립트 언어(Perl, Python, shell script 등)의 활용 능력을 가진 분 - 모바일 게임 앱에 대한 보안 검수 경험이..."
https://kr.indeed.com/viewjob?jk=f0ebe714bb940da2,엔지니어,키사이트테크놀로지스 서울,,"region teams • Instrument programming coding skill (C#, Python) preferred 제출서류 - 제출서류는 일체 반환하지 않음 마감일 채용시 전형방법 서류-1차면접-2차면접..."
https://kr.indeed.com/viewjob?jk=e631d46f39019d13,각 분야별 인재 Pool 등록,지투알 서울,,"자 - 데이터 분석 툴(Adobe Analytics 또는 Google Analytics) 유경험자 우대 - Python, R, SQL 역량 보유자 우대 - 데이터에 기반한 문제해결 능력 및 통계학적 지식 보유자 우대 업무내용..."
https://kr.indeed.com/viewjob?jk=d4c52ba1a491a8b9,현대무벡스 경력사원 상시,현대무벡스 서울 종로구,,PM>웹기획|인터넷·IT·통신·모바일·게임>웹프로그래머>JAVA|인터넷·IT·통신·모바일·게임>웹프로그래머> Python|인터넷·IT·통신·모바일·게임>네트워크·서버·보안>정보보안|인터넷·IT·통신·모바일·게임>응용프로그래머>클라우드
https://kr.indeed.com/viewjob?jk=4623c0f018a828e3,Content Producer,Codeit 서울 • 원격 근무,,Programming in Python * Algorithms in Python * Object-Oriented Programming in Python * Data Structures in Python * UNIX...
https://kr.indeed.com/viewjob?jk=94e6b51a16f4a0f6,Perception Software Engineer - Autonomou...,NVIDIA 대한민국,,work experience. Strong programming skills in C++ and python. Hands-on experience in developing algorithms for state...
https://kr.indeed.com/viewjob?jk=eeb9fe1c361f0758,정보보안 담당자,Nexon 성남 분당구,,보안 이벤트 분석 또는 상관관계 이벤트 분석 능력 보유 - OS 및 네트워크 관련 기초 지식 보유 - python 등의 간단한 스크립트 작성 능력보유 - 타인과의 원활한 커뮤니케이션 자세 - 새로운 기술에 대한 적극적...
https://kr.indeed.com/viewjob?jk=18b288e9021d899f,NAVER IDC 서버 운영/관리(평촌/부산),NIT Service 안양 동안구,,"Web, WAS에 대한 지식과 System application 운영 경험 - Shell script, python 활용 가능 - 해외 데이터센터 인프라 구축 또는 운영 경험 - 국가보훈대상자 및 장애인은 법령에 의거 우대..."
https://kr.indeed.com/viewjob?jk=a2b8aae664300392,신한AI 인공지능(AI) 인력,신한에이아이 서울 영등포구,,"련전공 : 인공지능 / 수학 / 산업공학 / 컴퓨터공학 / 통계 관련 [우대사항] - 프로그래밍 숙련자 ( python 外 C++, Java 등) - 금융데이터 또는 시계열 데이터 기반 인공지능 모델 구축 및 운영경험 - 강화..."
https://kr.indeed.com/viewjob?jk=19b7736d5aa3f7e5,Machine Learning Research - Speech Recog...,Qualcomm Korea YH 서울,,experience in machine learning Programming skill in Python or C/C++ Experience in PyTorch (preferred) or TensorFlow...
https://kr.indeed.com/viewjob?jk=1770f7455af818e1,"[펜타시큐리티] 보안S/W 개발 및 기획자 (웹, 인증, 블록체인)",펜타시큐리티시스템 서울 영등포구,,인터넷·IT·통신·모바일·게임>웹프로그래머>JAVA|인터넷·IT·통신·모바일·게임>웹프로그래머> Python|인터넷·IT·통신·모바일·게임>응용프로그래머>C·C++|인터넷·IT·통신·모바일·게임>응용프로그래머>JAVA|인터넷...
https://kr.indeed.com/viewjob?jk=4665562997b87ff0,글로벌 소셜카지노 부문 사업PM,네오위즈 대한민국,,슬롯/블랙잭 등의 카지노 게임에 대한 이해도가 있으신 분 2. SQL 사용이 익숙하신 분 3. 엑셀/R/ Python을 활용해 통계 분석이 가능하신 분 4. 영어 활용 능력이 높으신 분 * 면접 일정 안내는 서류 합격...
https://kr.indeed.com/viewjob?jk=b1376913a965e740,Machine Learning Software Engineer - Emb...,Qualcomm Korea YH 서울,,related field. - Proficiency in C/C++ programming. - Python programming. - Basic knowledge of machine learning and deep...
https://kr.indeed.com/viewjob?jk=1d2b22a2bcd3256f,[AI/Lab] AI 백엔드 엔지니어 (마케팅 분야),버즈니 서울,,"으로 마케팅 인사이트 도출 – 보유하고 있는 빅 데이터를 활용하여 마케팅 인사이트 도출 이런 분을 찾습니다 Python 프로그래밍에 능숙하신 분 DB, 통계, 컴퓨터 기반 기술에 대한 이해를 가지신 분 이런 분은 더욱 좋습니..."
https://kr.indeed.com/viewjob?jk=bfe0f5ac4f32ec89,추천 통계분석/데이터사이언티스트,카카오 4.0 성남 판교역,,기능 기계학습 모델링 지원자격 개발 경력 3년 이상 숙련된 데이터분석 능력 데이터 사이언스를 위한 언어( Python/R) 를 하나 이상 능숙하게 다룰 수 있으신 분 분석 결과를 설득력있게 전달할 수 있는 분 우대사항...
https://kr.indeed.com/viewjob?jk=e934bb33ef71dacb,[EY한영] 금융감사본부 Data Analytics 전문 경력직 모집,Ernst & Young 4.0 대한민국,,총계정원장조정 경험자 - Python/R 등 프로그램 언어 활용 능력... PowerBI... Tableau Experience with Python/ R or other programming languages...
https://kr.indeed.com/viewjob?jk=810816c790317a08,보안,NHN 4.4 성남 판교역,,"등 개발 경력 3년 이상 - frida, ida, gdb 활용 가능 - Objective-C / Python Script 언어 개발 경험자 - 모바일 보안 솔루션 개발 경력 - Binary 난독화 / 암호화..."
https://kr.indeed.com/viewjob?jk=a746de9c7a6168ef,Healthcare Real World Data Analyst 담당자,IQVIA 서울,,"HEOR 전반적인 업무 수행 Qualifications Claims Data 관련 분석 경력자 SAS / Python / R 등 통계 프로그래밍 언어 사용 가능자 통계학 전공자, 통계 및 Epidemiology 관련 석사..."
https://kr.indeed.com/viewjob?jk=793d3bdf17f3593f,연구소 개발부문 연구원 직원 (회로설계/하드웨어설계/머신비전/이미지프로세...,모든 경기도 광명,"연봉 42,000,000원 - 46,000,000원","프로그래밍 가능자 우대 S/W 설계 부문 : - OPEN CV, TENSORFLOW, YOLO, CUDA/ Python, C++, C WindowsGUL APL, MFC Lib 활용 가능자. 머신비전/ 영상처리 개발자 * 전기..."
https://kr.indeed.com/viewjob?jk=30352a55b8205ca8,AML 데이터 분석/모델링 전문가,네이버 서울,,"니다. [자격요건] - 대용량 데이터 분석 Skill/Tool 사용이 가능하신 분 (SAS, R, Python 등) - Anomaly Detection 관점에서의 예측 모델링 개발을 경험하신 분 [우대사항] ﻿ - FDS..."
https://kr.indeed.com/viewjob?jk=c8bf4fa58999927f,AI 분야 경력,LG CNS 3.7 서울특별시,,"이상 (AI 관련 논문 발표) ② AI/딥러닝 알고리즘 연구개발 프로젝트 경험 ③ Ubuntu Linux, Python, Tensorflow, PyTorch 사용 중상급 이상 우대사항(해당 내용 중 1개 이상) ① AI/머신..."
https://kr.indeed.com/viewjob?jk=69e29038ecc0f40f,SM파견 웹개발자,유저해빗 인천 서구,"연봉 40,000,000원 - 50,000,000원","유지보수 - Python 기반 웹 유지보수 -Spring 기반 프로그램 유지보수 -기타 서비스 운영 관리 [근무부서 및 직급/직책] 근무부서: 개발팀 직급/직책: 사원, 팀원 [자격요건] -Java 혹은 python 웹 경력..."
https://kr.indeed.com/viewjob?jk=07375dc4e800dfa9,추천 시스템 소프트웨어 엔지니어,카카오 4.0 성남 판교역,,"관련 업무 경험자 우대사항 운영체제, 네트워크, 컴파일러, 데이터베이스에 대한 이해가 깊으신 분 Python, C++, GPU 프로그래밍 숙련자 대용량/실시간 서비스 개발/운영 경험이 많으신 분 ICPC/TopCoder..."
https://kr.indeed.com/viewjob?jk=da707a546a13ee22,Data Science 컨설턴트 - 글로벌 컨설팅펌,에스에프인촌 서울 서초구,,"분석 등을 통한 Insight 도출 자격요건 통계학과/산업공학과/컴퓨터공학과 등 유관 학과 졸업/석박사 우대 Python 등 관련 코딩 경력 빅데이터, 통계, Machine Learning, 알고리즘 등 Artificial..."
https://kr.indeed.com/viewjob?jk=df21e3bb5d773616,Python Programmer,Mofac 서울 서초구,,개발 – JAVA 프로그래밍(라이브러리 활용) – Spring 프레임 워크 개발 – Python API 프로그래밍 우대사항 – Python 개발 경험 – Open Source 라이브러리 개발경험 – Web 표준에 대한 경험...
https://kr.indeed.com/viewjob?jk=29c6b79d1a7d446d,2021년 신입/경력직,다나와 서울 양천구,,"응시자격 지원하기 데브옵스개발 경력 데브옵스(devops) 환경 구축 및 품질향상 경력 1~7년 Java, Python에 대한 이해보유자 Spring Boot 또는 Express.js 프레임워크 이해 보유자 바로가기 데이터베..."
https://kr.indeed.com/viewjob?jk=241ae1e7499c461c,Security Engineer (모의해킹/취약점 점검),Toss 서울 강남구,,"그바운트 경험이 있는 분 - 해킹대회 우승 경력이 있는 분 - 다양한 플랫폼 보안 진단 경험이 있는 분 - Python, C, C++, C#, JAVA 중 프로그래밍 언어에 능숙 하신 분 # 현업 인터뷰 - 결제 산업의 미래..."
https://kr.indeed.com/viewjob?jk=f4c784e2cb1ecbbb,Technical Specialist,Microsoft 4.2 서울,,"Developer experience in C#, Java, Node.js/JavaScript and Python. Data and analytics experience – Machine Learning skills..."
https://kr.indeed.com/viewjob?jk=ceb8243bc8ae3c35,[데이터 플랫폼]데이터 엔지니어 (전문연구요원 가능),버즈니 서울,,및 유지보수 이런 분을 찾습니다 관련 업무 경력 최소 3년 이상 있으신 분 (전문연구요원의 경우 경력 무관) Python 및 기반 데이터 플랫폼 개발 경험이 있으신 분 Docker(Contatiner) 기반 시스템 환경 구축...
https://kr.indeed.com/viewjob?jk=74b3d3c938870be2,Data Scientist,Motion2AI 서울,,"thinking to define unstructured problems - Experience with Python (pandas, numpy), R, SQL... VBA to deal... large..."
https://kr.indeed.com/viewjob?jk=27ea6faf6a8516fd,퀀트 개발자 (Quant Developer),ATZ Inc. 서울,"연봉 30,000,000원 - 40,000,000원",any... following languages. (C/C++/C#/ Python/Java/Node.js)* Experience with R... languages) C/C++/C#/ Python/Java R/Excel...
https://kr.indeed.com/viewjob?jk=5c88acd09f153fc3,[취업연계 무료교육] 차세대 스마트공장 현장 엔지니어 전문가 양성과정 수...,한국산업기술협회 서울 금천구,,통신·모바일·게임>빅데이터·AI(인공지능)>머신러닝|인터넷·IT·통신·모바일·게임>빅데이터·AI(인공지능)> Python|인터넷·IT·통신·모바일·게임>ERP·시스템분석·설계>빅데이터|인터넷·IT·통신·모바일·게임>ERP·시스...
https://kr.indeed.com/viewjob?jk=4f319862856fe9c1,"Software Engineer, Machine Learning",Google 4.3 서울,,Machine Learning or AI. Programming experience in C++ and Python. Preferred qualifications: PhD or equivalent experience...
https://kr.indeed.com/viewjob?jk=5c7ce2a8bacecf7d,(광주취업맛집1위)2021년도 국비 기술교육생,대한상공회의소 광주인력개발원 광주 광산구,,통신·모바일·게임>빅데이터·AI(인공지능)>데이터분석|인터넷·IT·통신·모바일·게임>빅데이터·AI(인공지능)> Python|인터넷·IT·통신·모바일·게임>빅데이터·AI(인공지능)>머신러닝|인터넷·IT·통신·모바일·게임>빅데이터...
https://kr.indeed.com/viewjob?jk=70fccff4d30cb6bf,NAVER IDC 서버 운영/관리(가산),NIT Service 서울 가산동,,"Web, WAS에 대한 지식과 System application 운영 경험 - Shell script, python 활용 가능 - 해외 데이터센터 인프라 구축 또는 운영 경험 - 국가보훈대상자 및 장애인은 법령에 의거 우대..."
https://kr.indeed.com/viewjob?jk=9e1861e691426a98,Field AI Engineer,Graphcore 서울,,"hardware acceleration technologies Experience with Python and C++... depth knowledge of computer architectures, high..."
https://kr.indeed.com/viewjob?jk=f611a72cc9b1761e,Plat.B 추진단 AID팀 Machine Learning&AI 정규직,이투스교육 서울 강남구,,"구축 지원자격 ﻿일반적인 Back-end 시스템 설계 및 개발 ML/AI 시스템 아키텍쳐 설계 경험 Python, scala, R 등 ML 및 통계 관련 언어 사용 경험 머신러닝 프레임워크 경험자 (TensorFlow..."
https://kr.indeed.com/viewjob?jk=e9ac1a8708b8e784,[상시 ] Data Scientist (대리급/과-차장급/정규직),라이나생명보험 서울 종로구,,"데이터 분석 프로젝트 수행 경험 3년 이상 3년 이상의 R, SQL, Python 등 프로그래밍 언어 활용 경험 최신 AI 관련 기술을 포함한 다양한... 수행 경험 7년 이상의 R, SQL, Python 등 프로그래밍 언어 활용..."
https://kr.indeed.com/viewjob?jk=71c47ac87bb4087e,기술 인턴 인공지능 응용 연구/개발 인턴,써로마인드로보틱스 서울 관악구,,"6개월) (협의) *모집 절차: 서류 à인터뷰(오프라인) *지원 자격: 프로그래밍 언어 활용 능력: Python, C, C++ 중 1가지 이상 데이터구조, 알고리즘 과목 이수 머신러닝과 딥러닝의 기본 개념 이해 머신러닝..."
https://kr.indeed.com/viewjob?jk=57dead75c6dee2c1,글로벌 소셜카지노 서비스 해외사업 담당자 (경력),네오위즈 대한민국,,있는 분 우대사항 - 소셜 카지노 장르를 비롯해 카지노 산업 전반 대한 높은 이해도를 갖춘 분 - R과 Python 등을 활용해 통계 분석을 할 수 있는 분 - 우수한 영어 활용 능력과 글로벌 비즈니스 관련 경험이 있는 분...
https://kr.indeed.com/viewjob?jk=4bd70fb8a220d90d,[Janssen] Data Scientist,Johnson & Johnson Family of Companies 4.2 서울,,"Expertise in one or more programming languages... R, Python or SAS. 7. Knowledge of relational database architecture..."
https://kr.indeed.com/viewjob?jk=0cfd614dbcdb6e6c,[진행중]우리은행 빅데이터사업부 전문직(데이터 분석가(ML/DL)) 채용...,우리은행 4.5 서울 회현동,,ML/DL 기술을 활용한 분석모델 개발 및 서비스를 적용해 본 경험이 있는자 - 데이터 분석을 위한 언어( Python/R)를 하나 이상 능숙하게 다룰 수 있는자 우대사항 - 금융분야 ML/DL 관련 업무 경력 2년...
https://kr.indeed.com/viewjob?jk=7e9a745cd8bdcbe3,"Design Consultant, Staff",Synopsys 대한민국,,"industry DFT, MBIST, and ATPG tools •Experience scripting... Python and Tcl. Experience with Verilog or SystemVerilog RTL..."
https://kr.indeed.com/viewjob?jk=f70127e91faf757c,[조선해양/토목/기계] 엔지니어,포어시스 서울 마포구,"월급 3,000,000원 - 3,200,000원","이미지 프로세싱 전공자 - 해양쓰레기 차단막 운영시스템 개발을 위한 이미지 프로세싱 관련 전공자 우대 - Python, Matlab 등 프로그램 사용자(고급) 우대 ㆍ기계: 세부 전공 무관 - 수치시뮬레이션 가능자 우대 4..."
https://kr.indeed.com/viewjob?jk=05aa5498d84c58e1,데이터 엔지니어(신입/경력),쏘카 대한민국,,"있는 분 • 데이터 분석팀 및 유관 부서와의 원활한 소통을 위한 기본적인 쿼리 작성 능력을 갖춘 분 • Python 또는 Java, Scala, C++, C# 등의 언어를 최소 1개 이상 능숙하게 사용할 수 있는 분 • 대용..."
https://kr.indeed.com/viewjob?jk=e91a6a5eb66c641f,21년 상반기 현대오트론 경력사원 수시,현대오트론 서울,,통신·모바일·게임>응용프로그래머>Linux|인터넷·IT·통신·모바일·게임>응용프로그래머>C·C++|인터넷·IT·통신·모바일·게임>응용프로그래머> Python|인터넷·IT·통신·모바일·게임>빅데이터·AI(인공지능)>자율주행
https://kr.indeed.com/viewjob?jk=78e99625e5de3c95,전문연구요원 (병역특례) 수시 (AI / HW 분야),딥엑스 성남 분당구,"연봉 40,000,000원 - 100,000,000원","모델의 RTL IP 설계 및 IP 검증 가능자 - Language: Python/Perl, C/C++ [우대 조건] - ARM based SoC 설계... Linux, shell, tcl, python, perl 사용 원활..."
https://kr.indeed.com/viewjob?jk=84fd9f9deb6105b0,"웹개발, Python 외 신입/경력 계약직",쿠바로엠앤씨 서울 강서구,,"주식회사 쿠바로엠앤씨 웹개발, Python 외 신입/경력 계약직 채용 모집... 게임>웹프로그래머>웹개발|인터넷·IT·통신·모바일·게임>웹프로그래머> Python|인터넷·IT·통신·모바일·게임>웹프로그래머>백엔드|인터넷·IT·통신..."
https://kr.indeed.com/viewjob?jk=cd5ca556791f1f79,[브랜디] 경영본부/사업본부/개발직군 신입 및 경력,브랜디 서울 강남구,,"수 있는 분 - SQL, R, Python 등 데이터 관련 언어 사용이... 형상관리에 대한 이해 - (경력) 웹 서비스 개발 경험 - (경력) Python 유경험자 - (경력) AWS, Azure 등 클라우드 환경 프로젝트..."
https://kr.indeed.com/viewjob?jk=330617e8381fbee6,각 부문별 수시,KIS채권평가 대한민국,,"경제)학, 통계학, 금융공학/수학 전공자 우대 - 관련업무 경력자 우대 - 프로그램밍 가능자(MSOffice/ Python 등) 우대 (2) 모집부서: <대체투자본부> *포지션: 채용연계형 인턴 *담당업무: - 비시장성지분증..."
https://kr.indeed.com/viewjob?jk=cd40cf786e32f325,사내 및 서비스 보안 담당자 (경력),네오위즈 대한민국,,"GuardDuty, WAF, VPC Flow Logs 분석 등)이 있으신 분 - 각종 스크립트 언어(Perl, Python, shell script 등)의 활용 능력을 가진 분 - 모바일 게임 앱에 대한 보안 검수 경험이..."
https://kr.indeed.com/viewjob?jk=f0ebe714bb940da2,엔지니어,키사이트테크놀로지스 서울,,"region teams • Instrument programming coding skill (C#, Python) preferred 제출서류 - 제출서류는 일체 반환하지 않음 마감일 채용시 전형방법 서류-1차면접-2차면접..."
https://kr.indeed.com/viewjob?jk=e631d46f39019d13,각 분야별 인재 Pool 등록,지투알 서울,,"자 - 데이터 분석 툴(Adobe Analytics 또는 Google Analytics) 유경험자 우대 - Python, R, SQL 역량 보유자 우대 - 데이터에 기반한 문제해결 능력 및 통계학적 지식 보유자 우대 업무내용..."
https://kr.indeed.com/viewjob?jk=d4c52ba1a491a8b9,현대무벡스 경력사원 상시,현대무벡스 서울 종로구,,PM>웹기획|인터넷·IT·통신·모바일·게임>웹프로그래머>JAVA|인터넷·IT·통신·모바일·게임>웹프로그래머> Python|인터넷·IT·통신·모바일·게임>네트워크·서버·보안>정보보안|인터넷·IT·통신·모바일·게임>응용프로그래머>클라우드
https://kr.indeed.com/viewjob?jk=4623c0f018a828e3,Content Producer,Codeit 서울 • 원격 근무,,Programming in Python * Algorithms in Python * Object-Oriented Programming in Python * Data Structures in Python * UNIX...
https://kr.indeed.com/viewjob?jk=94e6b51a16f4a0f6,Perception Software Engineer - Autonomou...,NVIDIA 대한민국,,work experience. Strong programming skills in C++ and python. Hands-on experience in developing algorithms for state...
https://kr.indeed.com/viewjob?jk=eeb9fe1c361f0758,정보보안 담당자,Nexon 성남 분당구,,보안 이벤트 분석 또는 상관관계 이벤트 분석 능력 보유 - OS 및 네트워크 관련 기초 지식 보유 - python 등의 간단한 스크립트 작성 능력보유 - 타인과의 원활한 커뮤니케이션 자세 - 새로운 기술에 대한 적극적...
https://kr.indeed.com/viewjob?jk=18b288e9021d899f,NAVER IDC 서버 운영/관리(평촌/부산),NIT Service 안양 동안구,,"Web, WAS에 대한 지식과 System application 운영 경험 - Shell script, python 활용 가능 - 해외 데이터센터 인프라 구축 또는 운영 경험 - 국가보훈대상자 및 장애인은 법령에 의거 우대..."
https://kr.indeed.com/viewjob?jk=a2b8aae664300392,신한AI 인공지능(AI) 인력,신한에이아이 서울 영등포구,,"련전공 : 인공지능 / 수학 / 산업공학 / 컴퓨터공학 / 통계 관련 [우대사항] - 프로그래밍 숙련자 ( python 外 C++, Java 등) - 금융데이터 또는 시계열 데이터 기반 인공지능 모델 구축 및 운영경험 - 강화..."
https://kr.indeed.com/viewjob?jk=19b7736d5aa3f7e5,Machine Learning Research - Speech Recog...,Qualcomm Korea YH 서울,,experience in machine learning Programming skill in Python or C/C++ Experience in PyTorch (preferred) or TensorFlow...
https://kr.indeed.com/viewjob?jk=1770f7455af818e1,"[펜타시큐리티] 보안S/W 개발 및 기획자 (웹, 인증, 블록체인)",펜타시큐리티시스템 서울 영등포구,,인터넷·IT·통신·모바일·게임>웹프로그래머>JAVA|인터넷·IT·통신·모바일·게임>웹프로그래머> Python|인터넷·IT·통신·모바일·게임>응용프로그래머>C·C++|인터넷·IT·통신·모바일·게임>응용프로그래머>JAVA|인터넷...
https://kr.indeed.com/viewjob?jk=4665562997b87ff0,글로벌 소셜카지노 부문 사업PM,네오위즈 대한민국,,슬롯/블랙잭 등의 카지노 게임에 대한 이해도가 있으신 분 2. SQL 사용이 익숙하신 분 3. 엑셀/R/ Python을 활용해 통계 분석이 가능하신 분 4. 영어 활용 능력이 높으신 분 * 면접 일정 안내는 서류 합격...
https://kr.indeed.com/viewjob?jk=b1376913a965e740,Machine Learning Software Engineer - Emb...,Qualcomm Korea YH 서울,,related field. - Proficiency in C/C++ programming. - Python programming. - Basic knowledge of machine learning and deep...
https://kr.indeed.com/viewjob?jk=1d2b22a2bcd3256f,[AI/Lab] AI 백엔드 엔지니어 (마케팅 분야),버즈니 서울,,"으로 마케팅 인사이트 도출 – 보유하고 있는 빅 데이터를 활용하여 마케팅 인사이트 도출 이런 분을 찾습니다 Python 프로그래밍에 능숙하신 분 DB, 통계, 컴퓨터 기반 기술에 대한 이해를 가지신 분 이런 분은 더욱 좋습니..."
https://kr.indeed.com/viewjob?jk=bfe0f5ac4f32ec89,추천 통계분석/데이터사이언티스트,카카오 4.0 성남 판교역,,기능 기계학습 모델링 지원자격 개발 경력 3년 이상 숙련된 데이터분석 능력 데이터 사이언스를 위한 언어( Python/R) 를 하나 이상 능숙하게 다룰 수 있으신 분 분석 결과를 설득력있게 전달할 수 있는 분 우대사항...
https://kr.indeed.com/viewjob?jk=e934bb33ef71dacb,[EY한영] 금융감사본부 Data Analytics 전문 경력직 모집,Ernst & Young 4.0 대한민국,,총계정원장조정 경험자 - Python/R 등 프로그램 언어 활용 능력... PowerBI... Tableau Experience with Python/ R or other programming languages...
https://kr.indeed.com/viewjob?jk=810816c790317a08,보안,NHN 4.4 성남 판교역,,"등 개발 경력 3년 이상 - frida, ida, gdb 활용 가능 - Objective-C / Python Script 언어 개발 경험자 - 모바일 보안 솔루션 개발 경력 - Binary 난독화 / 암호화..."
https://kr.indeed.com/viewjob?jk=a746de9c7a6168ef,Healthcare Real World Data Analyst 담당자,IQVIA 서울,,"HEOR 전반적인 업무 수행 Qualifications Claims Data 관련 분석 경력자 SAS / Python / R 등 통계 프로그래밍 언어 사용 가능자 통계학 전공자, 통계 및 Epidemiology 관련 석사..."
https://kr.indeed.com/viewjob?jk=793d3bdf17f3593f,연구소 개발부문 연구원 직원 (회로설계/하드웨어설계/머신비전/이미지프로세...,모든 경기도 광명,"연봉 42,000,000원 - 46,000,000원","프로그래밍 가능자 우대 S/W 설계 부문 : - OPEN CV, TENSORFLOW, YOLO, CUDA/ Python, C++, C WindowsGUL APL, MFC Lib 활용 가능자. 머신비전/ 영상처리 개발자 * 전기..."
https://kr.indeed.com/viewjob?jk=30352a55b8205ca8,AML 데이터 분석/모델링 전문가,네이버 서울,,"니다. [자격요건] - 대용량 데이터 분석 Skill/Tool 사용이 가능하신 분 (SAS, R, Python 등) - Anomaly Detection 관점에서의 예측 모델링 개발을 경험하신 분 [우대사항] ﻿ - FDS..."
https://kr.indeed.com/viewjob?jk=c8bf4fa58999927f,AI 분야 경력,LG CNS 3.7 서울특별시,,"이상 (AI 관련 논문 발표) ② AI/딥러닝 알고리즘 연구개발 프로젝트 경험 ③ Ubuntu Linux, Python, Tensorflow, PyTorch 사용 중상급 이상 우대사항(해당 내용 중 1개 이상) ① AI/머신..."
https://kr.indeed.com/viewjob?jk=69e29038ecc0f40f,SM파견 웹개발자,유저해빗 인천 서구,"연봉 40,000,000원 - 50,000,000원","유지보수 - Python 기반 웹 유지보수 -Spring 기반 프로그램 유지보수 -기타 서비스 운영 관리 [근무부서 및 직급/직책] 근무부서: 개발팀 직급/직책: 사원, 팀원 [자격요건] -Java 혹은 python 웹 경력..."
https://kr.indeed.com/viewjob?jk=07375dc4e800dfa9,추천 시스템 소프트웨어 엔지니어,카카오 4.0 성남 판교역,,"관련 업무 경험자 우대사항 운영체제, 네트워크, 컴파일러, 데이터베이스에 대한 이해가 깊으신 분 Python, C++, GPU 프로그래밍 숙련자 대용량/실시간 서비스 개발/운영 경험이 많으신 분 ICPC/TopCoder..."
https://kr.indeed.com/viewjob?jk=da707a546a13ee22,Data Science 컨설턴트 - 글로벌 컨설팅펌,에스에프인촌 서울 서초구,,"분석 등을 통한 Insight 도출 자격요건 통계학과/산업공학과/컴퓨터공학과 등 유관 학과 졸업/석박사 우대 Python 등 관련 코딩 경력 빅데이터, 통계, Machine Learning, 알고리즘 등 Artificial..."
https://kr.indeed.com/viewjob?jk=df21e3bb5d773616,Python Programmer,Mofac 서울 서초구,,개발 – JAVA 프로그래밍(라이브러리 활용) – Spring 프레임 워크 개발 – Python API 프로그래밍 우대사항 – Python 개발 경험 – Open Source 라이브러리 개발경험 – Web 표준에 대한 경험...
https://kr.indeed.com/viewjob?jk=29c6b79d1a7d446d,2021년 신입/경력직,다나와 서울 양천구,,"응시자격 지원하기 데브옵스개발 경력 데브옵스(devops) 환경 구축 및 품질향상 경력 1~7년 Java, Python에 대한 이해보유자 Spring Boot 또는 Express.js 프레임워크 이해 보유자 바로가기 데이터베..."
https://kr.indeed.com/viewjob?jk=241ae1e7499c461c,Security Engineer (모의해킹/취약점 점검),Toss 서울 강남구,,"그바운트 경험이 있는 분 - 해킹대회 우승 경력이 있는 분 - 다양한 플랫폼 보안 진단 경험이 있는 분 - Python, C, C++, C#, JAVA 중 프로그래밍 언어에 능숙 하신 분 # 현업 인터뷰 - 결제 산업의 미래..."
https://kr.indeed.com/viewjob?jk=f4c784e2cb1ecbbb,Technical Specialist,Microsoft 4.2 서울,,"Developer experience in C#, Java, Node.js/JavaScript and Python. Data and analytics experience – Machine Learning skills..."
https://kr.indeed.com/viewjob?jk=ceb8243bc8ae3c35,[데이터 플랫폼]데이터 엔지니어 (전문연구요원 가능),버즈니 서울,,및 유지보수 이런 분을 찾습니다 관련 업무 경력 최소 3년 이상 있으신 분 (전문연구요원의 경우 경력 무관) Python 및 기반 데이터 플랫폼 개발 경험이 있으신 분 Docker(Contatiner) 기반 시스템 환경 구축...
